sentence,correct,correct_version
PS.,,
SSMN.,,
Ex-Rev.,,
/Ph.D.,0,Ph.D.
S.O.,,
S.R.,,
9774129832,,
Teacher.,,
Rani.,,
MITELA!!!,,
ii.,0,
Wow!,,
18,,
EOM.,,
(ii.),0,
Majaw.,,
Oil.,,
Kharpuri.,,
78963-63821.,,
Elias.,,
Khublei,,
Husiar!,,
“,,
27.3.,0,
Lakiang.,,
SNSBH.,,
P.O.,,
DERT/TET/2012/PT/1122.,,
Contributed,,
F.C.,,
Secretary.,,
AMEN.,,
J.J.M.,,
““4.,,
Wh.,,
Amen).,,
Ko!,,
(3).,,
8974574099).,,
BAKLA.,,
Sngewsih,,
Waw!,,
G.S.,,
H.S.,,
03.10.2023.,1,
02/02/2023.,1,
Nongrem.,,
8787777629,,
hordang!,,
J.M.Pohsngap.,,
bathymmai?,,
Mathaios2:6.,,
J.F.,,
Amen,1,
Unguote.,,
Hr.,,
9.20E+11,0,
(Dr).,0,Dr.
19-9-1987).),0,
L.D.,,
A.,,
R.M.,,
““Khublei,,
(Mt.,,
jongngi.,,
Nongsiej.,,
5,,
F.D.,,
!’,,
8837331259,,
Secretary.7005727223/9774485583.,,
G.P.L.,,
14,,
(Unique).,,
Mairang,,
Mahanta.,,
Map!,,
E.W.,,
1948,,
2011,,
Ñiuma!,,
J.M.,,
8797520449,,
Cajee.,,
G.C.,,
9856902044*********************************************************,0,
!,0,
SEC.,,
Tech.,,
Constable.,,
Leitsuk!!!!!,,
HH.,,
D.O.,,
T.O.,,
Circle.,,
(Smt.),,
0364-2548151.,,
9402185440),,
9863018131,,
8974405178,,
Miss.,,
15.09.23.,,
Smti.,,
Vice-Chairman.,,
8837469658,,
50,,
B.,,
Pohsngap.,,
Milkmen.,,
300,,
!.,,
21,,
Prof.,,
pic.twitter.com/fGSAYiXbBA,0,
REGD.,,
www.saindur.in,,
Namarkata.,,
9402335415),,
R.D.,,
Health.,,
D.G.,,
Em!,,
16:13).,,
8014148140,,
Thangkhiew.,1,
B.N.,,
L.C.,,
Balei?,,
Jen18:23-26.,,
BDWS,,
AMEN……..,,
6909911758,,
ft).,,
Ex.8:19.,,
C.L.,,
Mano…..?,,
Wanniang.,,
6009594917,,
L.G.,,
Hangta!,,
Davis.,,
Chap.,,
Rathore.,,
Ow!,,
8787520449,,
Photo:Contributed,0,
6,,
Sla.,,
6009290447,,
D.K.,,
8787304085,,
Nongbet.,,
85.50/-.,,
16,,
C.O.,,
Rymbai.,,
……….,,
Ment.,,
2023,,
Shaw.,,
Nursing.,,
Orgn.,,
Khardewsaw.,,
Tiruttani.,,
Manners.,,
K.Langrin,,
Father.,,
Amen.bestem,,
9774707252,,
BB.,,
Litt.),,
Kyndiah.,,
Jingpynpaw6:2-5.,,
Lyngkhoi.,,
Secretariat.,,
x.,,
vi.,,
T.S.,,
Sla.19.),,
“.,,
(ABDK).,,
Ade!,,
khublei.,,
(K.Langrin),,
Kulshreshtha.,,
J.S.,,
Kliaw!,,
Supdt.,,
Laloo.,,
Ah!,,
SSA.,,
Deu.,,
AMEN……………..,,
Ïakhih.,,
Ruh!,,
ADIPR,,
6002086341,,
Snenglem.,,
774860793,,
H.K.,,
H.S.S.,,
W.A.,,
SDPRO,,
iv.,,
Wow!!!!,,
Gujral.,,
Jowai:,,
9863103073,,
[rms],,
December.,,
#NAME?,,
Oh!,,
Wat!,,
N.K.,,
A.L.,,
HANM.,,
Dy.,,
6000/-.,,
Putet!,,
Pale.,,
“Ani!,,
Kharsyntiew.,,
Pynursla.,,
23.11.1971.,,
(MIPR),,
Ext.),,
Amlarem.,,
I.W.,,
Fr.M.,,
degree.,,
Lynden.,,
58(9)13.,,
Bajoria.,,
DINOSAUR.,,
FULL-TIME!,,
H.W.,,
HR.,,
K.B.,,
13,,
Kurbah.,,
PER.,,
Genesis15:14.,,
05.04.2017.,,
Ionglwit.,,
AMEN……,,
,,
9774656811,,
16:34).,,
32.06p.,,
Treasurer.,,
12,,
Historic!,,
1998,,
R.B.,,
P.P.,,
T.K.,,
Verma.,,
(SDPRO,,
8259967432/8131934923/8794069330.,,
Peit!,,
DR.,,
Polo.,,
Hei!,,
N.R.,,
Fin.,,
Dr.,,
B.M.,,
FOR/CC/2/2017/915.,,
20,,
Thaiang.,,
Genl.,,
(MIPR).,,
Hato!!,,
5/2022.,,
C.S.,,
(iii.),,
Sangma.,,
LALOT2).,,
7085666681,,
1910,,
Teacher).,,
Kharlyngdoh.,,
8787413701/8131934923/6033144187.,,
“1.,,
Jamir.,,
9612112028,,
Md.,,
Hig.,,
9863017995,,
(ii).,,
B.S.,,
S.P.,,
Ltd.,,
Hu!,,
Hinge.,,
iii.,,
War.,,
D.P.,,
SohkhletF.,,
shaneng.,,
Shri.,,
Salute!,,
Blah.,,
i:,,
9,,
Amen.,,
!!,,
Brup!,,
Kajuh.,,
Rev.,,
Ho!,,
W.A.Sangma.,,
Ch.,,
Speaker.,,
Dawki.,,
school).,,
Enclosure’.,,
O.R.,,
Jowai.,,
B.B.,,
KHUBLEI!,,
8258844176,,
Uttarakhand.,,
Hato!,,
Lytan.,,
Mathaios2:1.,,
Ha!,,
F.No.36011/1/2022-Estt.,,
79,,
Diengdoh.,,
Marpna.,,
Koit!,,
Lak.,,
Nengnong,,
B.P.PohsngapSohryngkham,,
Ramnathi.,,
2013,,
Snaitang.,,
Shillong.,,
D.D.,,
Shylla.,,
3000,,
8797520449,,
(4).,,
!!!!!?,,
Editor,,
17,,
96156-60151.,,
shaneng).,,
19.03.2019.,,
Khublei!!!,,
Mareh!,,
100,,
E.R.,,
35/1/72-R.U.,,
D.I.,,
WahlangT.,,
Jose.,,
6,31,100.00.
no.,,
14:14,,
9856998601,,
Sc.,,
RS.,,
Hallelujah!,,
Rana-Asst.,,
Mtr.,,
School.,,
B.P.,,
Dongmihsngi.,,
8731909558,,
07:12,,
9089176004,,
Habib.,,
???,,
Lawai.,,
NHIDCL.,,
Amlarem,,
petrolpumpdealerchayan.in.,,
Hek.,,
H.H.,,
N.S.,,
KHUBLEI!!!,,
Khliehriat.,,
Khublei!I.,,
Jingpynpaw7:1-8.,,
Hynrei.,,
Jaboh.,,
““6.,,
shish!,,
(Deut.,,
Isynei.,,
I.,,
..,,
mebanmarbaniang03@gmail.com,,
“Hooid!,,
Mawlong.,,
Kram!,,
Mebanmarbaniang03@gmail.com,,
??,,
S.I.,,
Sutong.,,
EF.,,
Uff.,,
ki,,
LLB.,,
Chitturi.,,
4,,
Lamare.,,
Dt.,,
KS.,,
AIFF,,
Bars/C.S.,,
Phira.,,
(A.Gallong),,
viii.,,
8575293135,,
Sohkhyllam.,,
9,,
2015,,
Syngkon.,,
11,,
1Cor.15:6.,,
Lyngdoh.,,
D.,,
Lumpariat.,,
[email],,
“86.,,
b.,,
Milton.,,
Agri.,,
8974301037,,
78m.,,
C/No.,,
DPRO,,
Wow,,
9436118402,,
Jingpynpaw20:14-15.,,
Moosalyngkat.,,
HYC,,
10,,
SDSEO/NG/ARR.,,
Br.,,
Shadap.,,
S.K.,,
IAS.,,
19,,
No.,,
Haleluiah.Q.,,
(Aiti)Amen,,
Syiem?,,
Jowai,,
24:21:00,,
30.12.,,
8729873241,,
TBn.,,
Iawphniaw.,,
II.,,
???????,,
V.T.S.,,
9485432298/9612402753.,,
12B.,,
Sec.Schooll.,,
Ratacherra.,,
ix.,,
Vaiphei.,,
9612402753,,
CEM.,,
Mithela!,,
8974102673,,
Syiem.,,
?.,,
Swell.,,
8).,,
Sla.21.),,
.,,
Phne.,,
4).,,
khublei,,
8,,
-9856088886,,
S.D.,,
PresidentB.J.P.,,
F.S.,,
Wahlang.,,
Howard.,,
P.S.,,
B.D.,,
De!,,
Shilllong.,,
1,,
B.K.,,
9436103992,,
Secy.,,
Bro.,,
Mawblei.,,
Sec.,,
KharkongorK.,,
(1).,,
Addl.,,
Amen!,,
E.K.,,
Nacional.,,
Sd/-(M.S.,,
B.Ed.,,
N.O.,,
ILP!ILP!ILP!,,
E.S.,,
Stadium.,,
2016,,
Agitate.,,
“A!,,
Loomkyrwiang.,,
Phewse!,,
8787332846,,
2000/-.,,
Nongpoh,,
Eve.,,
xi.,,
(JHADC).,,
Suchiang.,,
3,,
H.L.,,
wow!,,
Ferdinand.,,
Lakhikanta.,,
Balei..?,,
Monin.,,
Gashnga,,
Babteng…,,
Passport.,,
League.,,
9612951226/7005916201/9863089826/9436312305/8258834994/9856710161.,,
info.,,
Ko!!,,
5,,
T.T.,,
AS-04-J-0171.,,
Kjam.,,
J.N.,,
9362704687,,
Khliehriat,,
…….,,
Kalam.,,
D.F.,,
2Thessoloni2:3.,,
R.R.,,
P.SSA.,,
Haha…..,,
Balei???,,
ter-ter-ter….,,
Eklesiasties7:13.,,
(Synniang),,
EVE.,,
Kharshiing.,,
?,,
Rome11:31-32.,,
G.I.,,
Marak.,,
????,,
Q.E.,,
Rector.,,
15,,
).,,
A!,,
D.S.,,
Exs.,,
D.J.,,
HynniewtaS.,,
L.R.,,
Em.,,
,,
Siangshai.,,
Nonglait.,,
200/-.,,
MAT479156H3K2561.,,
S.L.,,
Hooid!,,
Mohrmen.,,
S.N.,,
Songthiang.,,
College.,,
1930,,
Sohmynting.,,
Kum.,,
Ryngki.,,
Mathaios24:8.,,
MapBishop!,,
V.H.,,
vii.,,
Smt.,,
HCT.,,
LYNGKAR3).,,
HSS.,,
Roy.,,
Haokip.,,
W.P.,,
Ani!,,
8:11).,,
Syiem).,,
RiahtamS.,,
Ish!,,
Bdws,,
Ryngkhlem.,,
:,,
Sun.,,
Rgh.,,
1,,
(PIB),,
160,,
Nongpoh.,,
Kharlukhi.,,
Hahaha….,,
George.,,
LSN.,,
Amen.amen,,
Sohsley.,,
“Wa!,,
E.C.,,
07:05,,
5pm.,,
Edu.,,
?,0,
7,0,
8258844176,0,
V.M.,,
Mawrie.,,
Certificate.,,
8787372284,0,
DCA.,,
G.D.K.,,
MIPR,,
EJHD/JUDL.,,
#NayaJammuKashmir,,
3:16).,0,
Huh!,,
Mairang.,,
….,,
Tham,,
H.B.,,
“Oh!,,
Asst.,,
ng.,,
Full-time!,,
P.C.,,
2,0,
500,0,
40+10=50.,0,
1000,0,
Ghosh.,1,
I,,
341,0,
Fr.,,
Khublei.,1,
Khonglah.,1,
Ex.,,
kms.,,
11.12.2019.,,
7630859159,,
Convener.,1,
D.L.Nongspung.,1,
Kumno?,,
Shabas!,1,
Res.,,
7005866240,0,
May.,,
Mt.,,
Skul.,,
Sawkmie.,,
