english,khasi
Tom and Mary stayed friends after they broke up.,U Tom bad ka Mary ki dang dei shiparalok hadien ba ki la iakhlad.
"In fact, Tom told me never to come back to his house again.","Ha ka jingshisha, u Tom u iathuh ia nga ba ngam dei ban wan shuh ha iing jong u."
These pens are his.,Kine ki dei ki khulom jong u.
The window is here.,Ka jingkhangïit ka don hangne.
Ask Tom what his plans are.,Kylli i'u Tom kiei ki plan jong u.
Tom and Mary own the house up the street.,U Tom bad ka Mary ki dei ki trai jong katei ka ïing hangtei.
What are those called?,La khot kumno ia kito?
Tom is eating potato chips.,U Tom u bam chips.
"We often do what we have to do, not what we want to do.","Barabor ngi leh ia kaei ba ngi hap ban leh, ym dei ia kaei ba ngi kwah."
Tom has his own bedroom.,U Tom u don ka kamra thiah jong lajong.
The earth rotates.,Ka pyrthei ka shad pyllun.
We've got something.,Ngi don aiu-re-aiu.
I wonder whether Tom would let me drive.,Tip u Tom un ai ne kumno ianga ban ñiah.
Where are you trying to get to?,Phi mut ban leit shano?
Where is the toilet?,Haei ka painkhana?
I just need some aspirin.,Nga shu donkam katto-katne u aspirin.
Why do you need a comb if you're bald?,Phi donkam leh aiu ïa ka snat haba phi lyndum?
Where's the director?,Shaei i director?
How many miles is it from Boston to Chicago?,Katno miles na Boston sha Chicago?
Tom told his dentist that he brushes his teeth after every meal.,U Tom u ïathuh ia ka dentist jong u ba u shutbniat man ka ba u dep bam.
He plays beach volleyball.,U lehkai beach volleyball.
I haven't been here in three years.,Nga khlem poi hangne lah lai snem.
I know Tom is a strange guy.,Nga tip ba u Tom u long u briew uba khyllah.
Is this biodegradable?,Kane dei ba pyut?
He asked me a question.,U kylli ianga ka jingkylli.
"I told Tom I needed his help, so he helped me.","Nga iathuh ia u Tom ba nga donkam jingïarap na u, te u la ïarap."
How should I know?,Ngan tip kumno?
He came.,U wan.
My mother used to read me stories when I was a young kid.,I mei jong nga i shait iathuh khana ianga por ba nga dang rit.
Bear with me.,Iashah bad nga.
This chair is light.,Kane ka shuki ka sting.
Get down.,Nguh.
"Tom is Mary's cousin, isn't he?","U Tom u dei u para-bakha jong ka Mary, dei?"
I wanted Tom to play tennis with me.,Nga kwah ia u Tom ba un lehkai tennis bad nga.
Tom cuts his own hair.,U Tom u khap hi ia u shñiuh jong lajong.
Read this book.,Pule kane ka kot.
Tom hit me first.,U Tom u shoh shwa ianga.
It never occurred to me that Tom wouldn't want to go with us.,Kam pat ju jia ha nga ba u Tom um kwah ban leit bad ngi.
I don't think that Tom would be stupid enough to do something like that.,Ngam tharai re ba u Tom un bieij haduh katta katta ba un leh kumto.
I'm here because I have to be here.,Nga don hangne namar nga hap ban don hangne.
How weird is that?,Ka jingkhyllah!
Tom lives here now.,U Tom u sah shane mynta.
How am I going to impress Tom?,Kumno ngan pyniapbieij ia u Tom?
Tom told his dentist that he brushes his teeth after every meal.,U Tom u ïathuh ia i dentist jong u ba u shutbniat man ka ba u dep bam.
"Take me to this address, please.",�alam ianga shane ka jaka seh.
Can either of your parents speak French?,I mei lane i pa jong phi ki nang ban kren ktien french?
Tom wanted Mary to go away.,U Tom u kwah baka Mary kan leit noh.
Move quietly.,Iaid jarjar.
I was hoping Tom would want to do that.,Nga dang mut ba u Tom un kwah ban leh.
Speak up!,Kren eh.
Grab him.,Bat ia u.
How lovely!,Jingsngewtynnad!
I don't think Tom knows much about his neighbors.,Ngam tharai u Tom u tip bha shaphang ki paramarjan jong u.
Tell me.,Iathuh ianga.
Tom thinks that you can take care of yourself.,U Tom u mut ba phi lah ban sumar da lade ia lade.
Tom is going to hurt you.,U Tom un pynmynsaw ia phi.
It isn't that scary.,Kam da tieng.
My mother used to read me stories when I was a young kid.,I mei jong nga i ju iathuh khana ianga mynba nga dang khynnah.
Jesus loves you.,U Jisu u ieid iaphi.
Take cover!,Rieh!
We've got something.,Ngi don aiu-aiu.
I'm sorry. I didn't mean to imply anything.,Map. Nga khlem mut ban mut eiei.
My mother used to read me stories when I was a young kid.,I mei jong nga i shait iathuh khana ianga mynba nga dang rit.
Pick it up.,Tam.
Where is the toilet?,Shaei ka painkhana?
He asked me a question.,U kylli ianga kawei ka jingkylli.
Why do I need to learn French?,Balei ba nga hap ban nang french.
I'm OK for now.,Nga biang ia mynta.
Are you crazy?,Lah bieij?
I'm not sure who has my suitcases.,Ngam thikna mano ba bat ka suitcase nga.
Help me.,Iarap ianga.
Who else do you miss?,Iano pat phi kynjah?
There is no necessity for you to do that.,Ym donkam ban leh iakata.
Why don't you like me?,Balei phim sngewtynnad ianga?
Are you going to shoot me?,Men siat ïanga?
How do you know Tom is there?,Kumno me tip u Tom u don hangto?
Are these your shoes?,Kine kidei ki juti jongphi?
Give me a piece of chalk.,Ai chalk.
That's impossible.,Bymlahlong!
Did anybody come?,Don mano mano ba wan?
You seem to be waiting for someone.,Phi i kumba phi ap iano iano.
I have nothing to tell you about it.,Ngam don eiei ban ïathuh ïa phi.
We were pretty thorough.,Ngi lah leh bniah bha.
Ask Tom.,Kylli na u Tom.
He is in need of money.,U don ha ka jingdonkam pisa.
Why didn't you ever tell me that?,Balei phim ju iathuh ianga shaphang kata?
Tom borrowed some money from us.,U Tom u pankylliang pisa na ngi.
Look there.,Peit hangto.
Her mother lives in the country all by herself.,Ka kmie jong ka ka sah sha nongkyndong dalade.
Give me the keys.,Ai u shabi ha nga.
I hope that Tom isn't going to be the one who does the driving.,Donbok ba u Tom un nym dei u ban ñiah ia ka kali.
Tom said that he didn't want to live in Boston anymore.,U Tom u ong ba um kwah shuh ban sah ha Boston.
Look behind you.,Peit hadien jong me.
Don't you want to sit with me?,Phim kwah shong bad nga?
These animals are friendly.,Kine ki mrad ki long paralok bha.
Freeze!,Sangeh!
I don't like talking with strangers.,Ngam sngewtynnad ban iakren bad ki nongwei.
"Me, too.",Nga ruh.
The moon has set.,U bnai u lah sep.
What'll change?,Kaei ka ban kylla?
Please don't tell us what to do.,Sngewbha nai ïathuh ïangi kaei ban leh.
You can't escape from me.,Phan ym lah ban lait nanga.
Hello!,Kumno!
I can't believe that you did all this without any help.,Ngam lah ngeit ba phi leh ia kane baroh khlem jingïarap.
We've been to Australia many times.,Ngi lah poi bunsien sha Australia.
He is in need of money.,U donkam pisa.
Tom came here last night.,U Tom u wan hangne mynnin ka miet.
Please try one.,Sngewbha try uwei.
Do you know what this is all about?,Phi tip dei shaphang kaei kine baroh?
Merry Christmas!,Krismas basuk.
Drive slowly.,Ñiah suki.
Where's the director?,Shaei ka director?
I'll do what must be done.,Ngan leh ia kaei kaba dei ban leh.
Tom didn't come home until 2:30.,U Tom um shym wan ïng haduh 2:30.
I still can't remember the words to that song.,Ngam pat lah re ban kynmaw iaki kyntien kato ka jongrwai.
Where can I get some ice?,Naei ngan ïoh thah?
Tom didn't want to go there alone.,U Tom um kwah ban leit shato marwei.
Tom is more gullible than Mary is.,U Tom u kham ngeit biej ban ia ka Mary.
"It's your money, isn't it?","Dei ka pisa jongphi, em?"
Stop that!,Wat leh kumto!
"When the house caught fire, an awful feeling came over me.","Mynba ka ïng ka ing, ka jingsngewma ka wan ha nga."
Leave it behind.,Ieh shadien.
That was unfortunate.,Kata kalong kaba sniewbok.
I've been up all night writing.,Nga shong baroh shi miet thoh jingthoh.
Watch out!,Da peit bha!
I found the key.,Nga lah shem u shabi.
Never mind!,Lah biang.
What are those called?,La khot aiu ia kito?
Tom thinks that you can take care of yourself.,U Tom u pyrkhat ba phi lah ban sumar da lade ia lade.
Everyone laughed.,Baroh ki rkhie.
I'll be right in here.,Ngan don hangne.
Tom had never thought of that before.,U Tom um pat mutdur ia kata hasuhwa.
I'll take my dog out for a walk.,Ngan ïalam kai ïa u ksew.
I don't want to go to school.,Ngam kwah ban leit sha skul.
Tom came here last night.,U Tom u wan hangne mynnin mynmiet.
Tom wanted to be the first one to get off the bus.,U Tom u kwah long ba nyngkong ban hiar na bus.
I don't like this paper. It's too shiny.,Ngam sngewtynnad iakane ka kot. Ka shai palat.
Eat everything.,Bam baroh.
Choose one.,Jied kawei.
How should I know?,Kumno ngan shu tip?
Step back.,Shadien.
He is eight.,U don phra snem.
Who cooked?,Mano ba shet?
I don't know how to swim.,Ngam nang ban jngi.
I've lost my briefcase.,Nga lah pynjah ia ka briefcase.
Good luck.,Donbok!
I don't want to disturb you.,Ngam kwah ban pynthut iaphi.
Stop reading.,Lahbiang ka pule.
Tom said it was all like a dream.,U Tom u ong ba dei tang ka jingphohsniew.
Tom had no idea that Mary was planning to stay in Australia for three more days.,U Tom um bna eiei ba ka Mary ka mut sah sha Australia sa lai sngi.
You don't know the system.,Phim tip iaka system.
I'll never understand it.,Ngan ym sngewthuh ia kata.
That book is a new book.,Kane ka kot kadei ka kot thymmai.
My battery is about to die.,Lah jan lut u battery jongnga.
What are you doing?,Phi leh aiu?
Didn't you know that Tom was Canadian?,Phim tip ba i Tom i dei nong-Canada?
Tom would never leave his family.,U Tom un ym mih noh na kane ka longïing.
Tom didn't tell anybody that he wanted to do that.,U Tom u khlem iathuh iano iano ba u kwah ban leh ia kata.
Where did you see that?,Haei phi iohi ia kata?
Tom has no idea what he's doing.,U Tom um tip eiei ba u leh.
About how many days will you be in Boston?,Kumba katno sngi men don ha Boston?
She picked flowers.,Ka tam syntiew.
I'm not usually picky about food.,Nga bam naphang.
Are these your shoes?,Kine kidei ki juti jongpha?
Tom knew he was supposed to do that yesterday.,U Tom u tip ba u dei ban leh mynnin.
Could you write that down for me?,Long phin thoh?
Tom is going to hurt you.,U Tom un pynmong ia me.
Tom said you have to be more careful.,U Tom u ong ba phi hap ban long kham husiar.
I can't believe that you did all this without any help.,Ngam lah ban ngeit phi leh ia kane baroh khlem jingïarap.
Definitely!,Thikna!
I'm so sleepy.,Nga sngew shoh samthiah shibun.
I bought a pen for your birthday present.,Nga thied u khulom na bynta ka sngikha jongphi.
Tom can't believe Mary is really planning to go.,U Tom um lah ngeit ba ka Mary ka mut shisha ban leit.
My mother used to read me stories when I was a young kid.,I mei jong nga i ju iathuh khana ianga por ba nga dang rit.
This is difficult.,Kane ka long kaba eh.
Why did you agree?,Balei phi mynjur?
Step aside.,To khyndiat.
Everyone has been affected.,Baroh lah shah ktah.
What do you want?,Aiu phi kwah?
Do you think I'm making a mistake?,Phi mut ba nga leh bakla?
Tom is going to hurt you.,U Tom un pynmong ia phi.
We need to go back.,Ngi donkam ban leit phai.
This is extremely important.,Kane ka dei kaba donkam palat.
I extended my holiday.,Nga lah pynjlan iaka shuti.
My mother used to read me stories when I was a young kid.,I mei jong nga i ju iathuh khana ianga por ba nga dang khynnah.
They called you.,Ki la khot iaphi.
She walks.,I iaid.
It has been ten years since my father passed away.,Lah don shiphew snem naduh ba khlad i pa.
I have no energy.,Ngam don bor.
That man stole my purse.,Uta u briew u tuh ia ka pla jong nga.
I've got one just like that.,Nga don kum kato.
We want what's best for you.,Ngi kwah kaba bha na ka bynta jong phi.
Please don't tell us what to do.,Sngewbha nai ïathuh ïangi kaei ba dei ban leh.
I think I may know where to find Tom.,Nga tharai nga tip shano ban wad i'u Tom.
Tom smiled when Mary looked at him.,U Tom u rkhie mynba ka Mary ka peit ia u.
I'm a house painter.,Nga dei nongñiadrongïing.
Look back!,Phai shadien!
Tom is the strongest.,U Tom u long uba khlaiñ tam.
What would you like me to call you?,Phi kwah ngan khot kumno iaphi?
Tom shaved.,U Tom u lah khur.
I've been to Boston numerous times.,Nga lah poi sha Boston katto katne sien.
Smile.,Rymmuiñ.
Where would you like to go?,Shano phi kwah ban leit?
She walks.,Ka iaid.
You're just not the person I thought you were.,Pham dei ka briew kaba nga mut ba pha dei.
Tom didn't do anything wrong.,U Tom u khlem leh eiei ba bakla.
Tom is the guy Mary is dating.,U Tom u dei u briew uba ka Mary ka ialang.
Hide.,Rieh.
I just say what Tom tells me to say.,Nga shu ong ia kaei kaba u Tom u ong ianga ban ong.
"Hello, Tom.",Tom!
The student refused to obey his teacher.,U khynnah u saitlah ban ngeit ia ka nonghikai.
Tom lowered his voice to a whisper.,U Tom u pynrit ia ka sur ban pasiaw.
This is difficult.,Kane ka long kaba jynjar.
What kind of a person are you?,Phi dei jait briew ba kumno?
It's still crowded.,Ka dang khapñiah.
I didn't expect to see Tom in Boston.,Ngam poi pyrkhat ban iohi ia u Tom ha Boston.
I am eating rice.,Nga dang bam ja.
How do people like you get to be people like you?,Kumno sa don ki jaid briew kum mapha?
Do you want to come sit by me?,Phi kwah ban wan shong bad nga?
Didn't you know that Tom was Canadian?,Pham tip ba i Tom i dei nong-Canada?
I don't know him.,Ngam ithuh ia u
I know that Tom would do that if he could.,Nga tip ba u Tom un leh kumta lada u lah.
I love you.,Nga ieid iapha.
Tom apologized for not doing what he promised he'd do.,U Tom u panmap ba u khlem leh ia kaei kaba u lah kular ban leh.
Where do they do that?,Haei ki shait leh?
Just get up.,Shu khie joit.
He kicked it.,U kynjat iaka.
Are you deaf?,Phi kyllut?
Please keep your voice down.,Sngewbha jarjar.
Tom said that he thought I might not need to do that today.,U Tom u mut ba nga lah ban ym donkam ban leh ia kata mynta ka sngi.
Tom confessed that he had broken the window.,U Tom u la phla ba u la pynpra ia ka jingkhangït.
I laughed.,Nga rkhie.
I knew Tom wouldn't do that for us.,Nga tip ba u Tom un nym leh kato na bynta jong ngi.
You can't escape from me.,Men nym lah ban lait nanga.
Tom and John pretended to be brothers.,U Tom bad u John ki ia leh kumba dei shipara.
Tom was only teasing.,U Tom u shu pynshrai.
This job isn't as easy as it looks.,Kane ka jingtrei kam suk kumba phi ïohi.
After you.,Maphi shwa.
I think that Tom is fat.,Nga tharai u Tom u sngaid.
She looked at me.,I peit ianga.
How annoying!,Ni wit!
Go.,Khie.
Tom said that he thought I might not need to do that today.,U Tom u mut ba nga lah ban ym donkam ban leh kumta mynta ka sngi.
Tom is still paying attention.,U Tom u dang pynleit jingmut.
You can go if you want to.,Me lah ban leit lada me kwah.
I just say what Tom tells me to say.,Nga shu ong katba u Tom u phah ianga ban ong.
Where do they do that?,Haei ki leh kata?
Seriously?,Shisha?
Watch out!,Da peit!
Even if my house catches fire it would soon be put out.,Watla ka ïing jongnga ka kem ding tang shiphang kan sa shah pynlip.
Tom confessed that he had broken the window.,U Tom u la phla ba u la pynpait ia ka jingkhangït.
"You'll cook for us tonight, won't you?","Phin shet na ka bynta jongngi mynta ka miet, em?"
I want you to read this book.,Nga kwah iaphi ba phin pule kane ka kot.
He jumped over a ditch.,U kynthih ia ka thliew.
Tom didn't tell anybody he wanted to do that.,U Tom u khlem iathuh iano iano ba u kwah ban leh ia kata.
How annoying!,Wit!
Where are you?,Haei phi don?
It didn't work out quite like I intended it to.,Ka khlem da long kumba nga mut.
We try.,Ngi pyrshang.
Are you deaf?,Me kyllut ne?
"A long time ago when Pluto was still a planet, there was a boy named Tom.","Mynshuwa haka por ba u Pluto u dang dei u planet, don u khynnah ba kyrteng Tom."
"Take me to this address, please.",�alam ianga shane seh.
Pull it open.,Tan kan plie.
I wanted what Tom had.,Nga kwah ia kaei kaba u Tom u ju don.
Do you know how much profit we made?,Phi tip katno ngi lah iohnong?
We want what's best for you.,Ngi kwah kaba bha iaphi.
Smoke appeared.,Ka paw ka tdem.
Everybody knows me.,Baroh ki tip ianga.
I know that Tom isn't in Boston.,Nga tip ba u Tom um don ha Boston.
Tom began to move.,U Tom u sdang ban khih.
Tom fell down the stairs.,U Tom u hap naki mawstep.
Are you deaf?,Pha kyllut ne?
Who's hungry?,Mano thngan?
I hate voice messages.,Nga isih ia ki voice message.
I should never have left Boston.,Nga lah dei ban nym mih na Boston.
You should let Tom win.,Phi hap ban ai lad ia u Tom ba un jop.
Why can't animals talk?,Balei ki mrad kim lah ban kren?
Your room is twice the size of mine.,Ka kamra jongphi ka heh arshah ia ka jongnga.
What is wrong with me?,Jia aiu ia nga?
I lied for Tom.,Nga thok ia u Tom.
Tom will make you happy.,U Tom un pynkmen ïaphi.
Please come again soon.,Sa da wan biang.
"It's your money, isn't it?","Ka dei ka pisa jongphi, em?"
Tom came to see me on Monday.,U Tom u wan iakynduh ianga mynsnginyngkong.
Drive safely.,Ñiah bha.
Get away!,Shuh!
It didn't just affect me.,Ka khlem ktah tang ianga.
Almost no one knows we're brothers.,Jan baroh kim ia tip ba ngi dei shipara.
Why would they need to do that?,Balei ki donkam ban leh kumta?
It's different here.,Ka pher hangne.
Didn't you know Tom lived in Boston when he was a child?,Phim tip ba u Tom u sah ha Boston mynba u dang khynnah?
We've come home.,Ngi la wan iing.
We often eat fish raw in Japan.,Ha Japan bunsien ngi bam im ia ka dohkha.
Stop yelling!,Wat hylla!
This is very good.,Ka bha bha kane.
Glass breaks easily.,Ka ïit ka pait suk.
I remember that.,Nga kynmaw ia katei.
I want everyone to know what happened.,Nga kwah ba baroh kin tip jia aiu.
Give me the keys.,Ai ianga u shabi.
Please try one.,Sngewbha pyrshang kawei.
Didn't you know that Tom was Canadian?,Pham tip ba u Tom u dei nong-Canada?
This job isn't as easy as it looks.,Kane ka kam kam suk kumba phi ïohi.
Tom is being forced to do that.,U Tom u la shah pynbor ban leh kumta.
Is this lake deep?,Ka jylliew kane ka nan?
I remember that.,Nga kynmaw ia katai.
Tom is liked by his friends.,I'u Tom la sngewtynnad da ki paralok jong u.
She sat on the bed as her mother braided her hair.,Ka shong ha jingthiah katba ka kmie jong ka ka pynthaiñ ia u shnñiuh jong ka.
What time is it now?,Katno baje mynta?
It was only a bad dream.,Dei tang ka jingruma.
Stand up!,Ieng!
I don't know if Tom is coming or not.,Ngam tip u Tom un wan ne em.
Come in.,Wan shapoh.
How lucky can one guy get?,Lah shu bhabok.
I saw Tom running down the street.,Nga iohi u Tom u mareh shathie.
Didn't you know that Tom was Canadian?,Phim tip ba u Tom u dei nong-Canada?
Hurry up.,Kloi.
They're looking for Tom in Australia.,Ki dang ia wad ia u Tom ha Australia.
Tom seemed to be unable to win.,U Tom u i kumba un ym lah ban jop.
Tom doesn't walk to school with the other kids.,U Tom um ju iaid sha skul bad kiwei kiwei ki khynnah.
Didn't you know Tom lived in Boston when he was a child?,Phim tip ba u Tom u sah ha Boston por ba u dang khynnah?
I have nothing to tell you about it.,Ngam don eiei ban ïathuh ïa me.
Will you please go there?,Phim sngewbha leit re shata?
I know how busy you are.,Nga tip ba me bun kam.
Tom was even busier than I was.,U Tom u kham bunkam ban ia nga.
I know how busy you are.,Nga tip ba phi bunkam.
I'm very pleased to be here.,Nga sngewbha shibun ban don hangne.
Relax.,Jaijai.
Tom says he wants to do that as well.,U Tom u ong ba ma u ruh u kwah leh ia kato.
You're dishonest.,Me thok.
Remember it.,Da kynmaw.
My name is Tom.,Nga kyrteng Tom.
Where did you see that?,Haei phi iohi ia kato?
I want to eat something that's good for me.,Nga kwah ban bam aiu re aiu ba bha na bynta jong nga.
It isn't that scary.,Kam da i tieng.
I know that Tom doesn't know anyone who does that.,Nga tip ba u Tom um ithuh iano-iano ba leh ia kata.
Thank you for volunteering.,Khublei ba phi pyniarap lem.
I was looking for the barbershop.,Nga dang wad dukan khapsñiuh.
People are speaking at the same time.,Ki briew ki iakren ha kajuh ka por.
Tom wanted to eat some ice cream.,U Tom u kwah bam thah.
Am I still your boyfriend?,Nga dang dei u samla jong phi?
I love you.,Nga ieid iaphi.
Tom is eating potato chips.,I Tom i bam chips.
What is your name?,Kyrteng kumno phi?
"I needed to talk to Tom, so I went over to his house.","Nga donkam ban ia kren bad u Tom, te nga leit sha iing jong u."
This book is easy for me to read.,Kane ka kot ka suk ianga ban pule.
We did our best to help them.,Ngi la leh katba ngi lah ban ïarap ïaki.
"Tom is Mary's older brother, isn't he?","U Tom u dei u hymmen ka Mary, dei?"
What are those numbers?,Kito kidei ki nombar aiu?
That man stole my purse.,Utei u briew u tuh ia ka pla jong nga.
Tom had never thought of that before.,U Tom um pat pyrkhat shaphang kata hasuhwa.
Please try one.,Sngewbha try iwei.
Tom threw a rock at one of my dogs.,U Tom u kawang maw ia uwei na ki ksew jongnga.
Tom is just finishing setting up.,U Tom u dang shu dep pynkhreh.
We'll go to any length to send our child to a good university.,Ngin leh katba lah ban phah ia i khun jongngi sha ka iuniversity ba bha.
Get up.,�eng joit.
What do you like to be called?,Phi kwah ban shah khot kumno?
Tom said that he wanted to sit next to me.,U Tom u ong u kwah shong ha syndah jong nga.
She teased him.,Ka pyndom ia u.
I didn't have any money and couldn't buy any food.,Ngam don pisa eiei bad ngam shem lah ban thied jingbam eiei.
I lost.,Nga rem.
She cried.,I ïam.
"If you know the answer to this question, please tell me.","Lada phi tip ka jubab iakane ka jingkylli, sngewbha iathuh ianga."
I didn't tell everyone.,Nga khlem iathuh ia baroh.
You seem to ask Tom a lot of questions.,Phi i kumba phi kylli ia u Tom bun jingkylli bha.
Why did you try to run away?,Balei pha pyrshang ban phet?
Are you crazy?,Me lah bieij ne?
This book isn't as interesting as the one I read last week.,Kane ka kot kam da sngewtynnad kum kato kawei ka kot kaba nga pule mynshymtaïew.
Tom put his pistol under the pillow.,U Tom u buh iaka suloi hapoh u syngkhlieh.
This is extremely important.,Kane ka dei kaba donkam shibun.
It's hot today.,Ka shit mynta ka sngi.
How many tickets do you want?,Katno tylli ticket phi kwah?
She will give a party next week.,Kan sa ai party la shem taiew.
Where are you trying to get to?,Phi mut ban leit shaei?
I could never fool you.,Ngam lah thok ïame.
Who are you?,Phi dei mano?
I'm looking forward to seeing you and your family.,Nga kyrmen ban iakynduh ia phi bad ka longïing jong phi.
Tom said that he wanted to sit next to me.,U Tom u ong ba u kwah shong ha syndah jong nga.
What languages do you know?,Phi nang ktien aiu?
Sit down.,Shong.
What were you doing at that time?,Pha leh aiu katto baje?
I don't want to know anything about Tom.,Ngam kwah ban tip eiei shaphang u Tom.
How do you use this camera?,Kumno la pyndonkam iakane ka kamera.
Where would you like to go?,Shaei me kwah ban leit?
He came.,U lah wan.
That's impossible for me.,Ka long ka bymlahlong ianga.
When is school over?,Lano kut skul?
He is tall and strong.,U jrong bad khlaiñ.
We're still open.,Ngi dang plie.
You can go if you want to.,Pha lah ban leit lada pha kwah.
What Tom told us about how the accident happened wasn't true.,Kaei kaba u Tom u iathuh iangi shaphang kumno ba ka jingjia ka la jia kam dei kaba shisha.
Tom doesn't like to play poker.,U Tom um sngewtynnad ban lehkai Poker.
Where did you see that?,Naei phi iohi ia kata?
Stuff happens.,Shait long kumto.
The heavy door swung open.,Ka jingkhang kaba khia ka la plie kdar.
I am asking questions to my father.,Nga dang kylli jingkylli ia i pa.
I told my parents everything.,Nga la iathuh lut ia i mei i pa.
Goodnight.,Thiah suk.
I need you.,Nga donkam iaphi.
Look there.,Peit shato.
Lie still.,Thiah beit.
Is the tap water here drinkable?,Long ban dih kato ka um kor?
Nobody came.,Ym don ba wan.
What is your name?,Kyrteng aiu maphi?
I'm not eating this fish.,Ngam bam re kane ka dohkha.
I told my parents everything.,Nga iathuh lut ia i mei i pa.
"You don't like it when I do that, do you?",Phim sngewtynnad re ba nga leh kumto dei?
I've got beer.,Nga ioh beer.
Tom was surprised how well Mary could swim.,U Tom u la lyngngoh kumno ka Mary ka nang bha ban jngi.
It didn't go well.,Ka khlem long bha.
Suit yourself.,Katba phi mon.
It impresses me that you know how to do that.,Ka pynsngewtynnad ianga ba pha nang kumno ban leh ia kato.
Stop filming.,Nai ring.
Which is the newest one?,Ino iba thymmai tam?
Are you sure that it's OK to drink this water?,Pha thikna ka biang ban dih ia kane ka um?
He spoke to me when he saw me.,U kren ianga por ba u ïohi ianga.
I'm going to Australia the month after next.,Ngan leit sha Australia lashembnai.
"She's attractive, but she talks too much.","Ka bhabriew, tangba ka heh tang ka kren."
Come here.,Wan hangne.
We thought you might want to come with us.,Ngi tip ba phan sa kwah ban wan bad ngi.
You decide.,Ong maphi.
You have no idea what you're talking about.,Mem tip ia kaei kaba me kren.
Stop grumbling.,Nai thnum.
Do you remember where Tom left his umbrella?,Me kynmaw hangno u Tom u buh ka shatri?
What is your name?,Phi kyrteng kumno?
I won't wash your car.,Ngam sait ia ka kali jong phi.
He gave the same answer as before.,U ai kajuh ka jubab kum kaba hashuwa.
I saw Tom give a flower Mary.,Nga i i'u Tom ba ai syntiew iaka Mary.
What are those?,Kito kidei kiei?
Stay down!,Nguh!
We could say that both of those balls are the same weight.,Ngi lah ban ong ba kito ki ball ki don katjuh ka jingkhia.
We must work as long as we live.,Ngi dei ban trei katba ngi dang im.
I didn't know why.,Nga khlem tip balei.
"When I woke up, I was in the car.","Ynda nga lah kyndit, nga lah don ha kali."
How do people like you get to be people like you?,Kumno sa don ki jaid briew kum mame?
Step into the light.,�eng haba shai.
What did you get exactly?,Shisha phi ïoh aiu?
He has ten cows.,U don shiphew tylli ki masi.
What were you doing at that time?,Pha leh aiu ha kato ka por?
Take it.,Shim.
They won't permit you to do that here.,Kim shah iaphi ba phin leh kumto hangne.
He leaves at eight.,U mih phra baje.
Please write that down for me.,Thoh seh.
What do you do for the team?,Phi leh aiu na ka bynta ka team?
Everybody's got something to hide.,Baroh ki don eiei ban buhrieh.
Is it rude to ask a woman how old she is?,Ka long khlemakor ban kyllia ia ka kynthei katno snem ka don?
Help yourself.,Ia bam.
Tom said you have to be more careful.,U Tom u ong ba phi hap ban long kham phikir.
We must work as long as we live.,Katba ngi dang im ngi dei ban trei.
I love you.,Nga ieid iame.
Where can I get some ice for my knee?,Naei ngan ioh thah na ka bynta ka khohsiew jong nga?
That news got around.,Kato ka khubor ka lah saphriang lut.
This is very good.,Ka best bha kane.
What is the name of this river?,Kane ka wah ka kyrteng aiu?
I wonder what Tom wants.,U Tom u kwah aiu tip.
I'm a student here.,Nga dei khynnah pule hangne.
Look there.,Peit shatai.
The hospital where Tom was born is in Australia.,Ka hospital ha kaba la kha ia u Tom ka don ha Australia.
You shouldn't believe everything Tom says.,Pham dei ban ngeit lut kat kaba u Tom u ong.
"I want you, Tom.","Nga kwah iaphi, Tom."
Speak softly.,Kren suki.
You can't afford this.,Phim lah ban thied iakane.
Tom is going to hurt you.,U Tom un pynmynsaw ia me.
You can't escape from me.,Men ym lah ban lait nanga.
We don't need to waste money on things we don't need.,Ngim donkam ban pynlehnohei pisa ha ki tiar kiba ngim donkam.
They're always there.,Ki ïa don beit shatei.
"Fish, please.",Ai dohkha.
Smile.,Rkhie.
Stop!,Sangeh!
I'm pretty sure Tom can do it.,Nga thikna ba u Tom u lah ban leh.
Do you really want Tom to die?,Phi kwah shisha ia u Tom ba un ïap?
I was so cold.,Ka khriat bha.
Tom lives in his own world.,U Tom u don ha la ka jong ka pyrthei.
I'll take my dog out for a walk.,Ngan ïalam kai ïa ka ksew.
Tom gave his seat to an elderly lady.,U Tom u ai ia ka jakashong jong u ha I tymmen kynthei.
We eat together every evening.,Ngi bam lang man ka janmiet.
You're dishonest.,Phi sla.
Unbelievable!,Bymlah ngeit.
The toilet is upstairs.,Ka painkhana ka don halor.
Who else do you miss?,Iano de phi kynjah?
What do you go by?,Khot kumno iaphi?
The moon is shining.,U bnai u phyrnai.
Tom didn't provide an answer.,U Tom u khlem ai jubab.
I don't go anywhere without my camera.,Ngam ju leit shaei shaei khlem ka kamera jong nga.
I'll figure out a way to fix this. Don't worry.,Ngan sa wad hi ka lad ban pynbeit iakane. Wat khuslai.
Eat slowly.,Bam suki.
Wood burns.,Ka dieng ka ing.
I'm sorry.,Map ianga.
It's too late to try that.,Ka lah slem ban leh iakata.
Don't you want to know?,Phim kwah ban tip?
How did you know what Tom needed to do?,Kumno phi tip u Tom u donkam ban leh aiu?
Where are you now?,Haei phi don mynta?
Stop meddling.,Wat pynthut.
Why did you try to run away?,Balei me pyrshang ban phet?
You're just not the person I thought you were.,Phim dei u briew uba nga mut ba phi dei.
Are you going to shoot me?,Phin siat ïanga?
My dog is obedient.,U ksew jong nga u ngeit sneng.
When is school over?,Katno baje wai skul?
Help!,Iarap!
Tom was kneeling.,U Tom u dang demkhohsiew.
Go.,Leit.
I'm losing business.,Nga dang duhnong.
Stand up!,Ieng joit!
Why did you try to run away?,Balei phi mut ban phet?
"It's your money, isn't it?","Ka dei ka pisa jongphi, dei?"
Stay.,Sah.
Come in.,Rung.
I didn't give Tom anything.,Nga khlem ai eiei ia u Tom.
Wake up!,Khie!
Don't you want to know?,Mem kwah ban tip?
What's your name?,Phi kyrteng aiu?
Stand aside.,Shuh nangne.
Do you remember where Tom left his umbrella?,Pha kynmaw haei u Tom u buh ka shatri?
Shut up!,Nai balaiñ!
We're going to the market.,Ngi leit sha iew.
You shouldn't believe everything Tom says.,Mem dei ban ngeit lut kat kaba u Tom u ong.
I came because of something you wrote.,Nga wan namar me thoh aiu re.
What are those numbers?,Kiei kito ki nombar?
She looked at me.,Ka peit ianga.
I don't know what I want to do.,Ngam tip nga kwah ban leh aiu.
I think that Tom could help.,Nga tharai u Tom u lah ban ïarap.
"Hey, relax.","Ei, jaijai."
I didn't pick it up.,Nga khlem tam.
Hurry up.,Wut wut.
You must keep quiet.,Phi dei ban sngapjar.
Children need loving.,Ki khynnah ki donkam jingieid.
Tom thinks that you can take care of yourself.,U Tom u mut ba phi lah ban sumar hi ia lade.
Don't make me stand here.,Wat pynap ianga hangne.
"You agree with Tom, right?","Phi ia mynjur bad u Tom, dei?"
We should give this a try.,Ngi dei ban pyrshang ia kane.
I would like you to sing a song.,Nga kwah iaphi ba phin rwai kawei ka jingrwai.
What is your name?,Kyrteng kumno maphi?
You look hurt.,Pha u kumba pha pang.
The student refused to obey his teacher.,U khynnah u kyntait ban ngeit ia i nonghikai.
Do you speak English?,Phi kren phareng?
Wake up!,Khie joit!
Don't make me stand here.,Wat pynieng ianga hangne.
I know that Tom would allow us to do that.,Nga tip ba u Tom un shah ianga ba ngin leh.
Stop reading.,Sangeh ka pule.
Why do you need a new television?,Balei phi donkam TV ba thymmai?
Choose one.,Jied iwei.
This is difficult.,Ka jynjar kane.
This is difficult.,Kane ka eh.
Wash your hands.,Sait ki kti.
Be cool.,Long jaijai
Hurry up.,Wut.
Not everything Tom said was true.,Ym baroh ba u Tom u ong dei ba shisha.
Tell me a true story.,Iathuh ianga kawei ka khana ba shisha.
"If they were Canadians, this problem wouldn't exist.","Lada ki dei ki nong-Canada, kane ka jingeh kan nyn don."
I didn't pick it up.,Nga khlem khar.
Tom wants everybody to like him.,U Tom u kwah ia baroh ba kin sngewtynnad ia u.
Tom is going to Australia to live with his father.,U Tom u leit sha Australia ban sah bad u kpa jong u.
Choose one.,Jied uwei.
Come here.,Wan shane.
Can you give me some time?,Long phin ai por ianga khyndiat?
"I should visit Australia, too.",Nga ruh dei ban leit jngohkai ia ka Australia.
I need to put the children to bed.,Nga hap ban pynthiah ia ki khun.
Take care.,Da sumar bha.
You shouldn't believe everything Tom says.,Phim dei ban ngeit lut kat kaba u Tom u ong.
Tom said Mary wasn't happy.,U Tom u ong ba ka Mary kam kmen.
Tom is a friend of a friend of mine.,U Tom u dei u paralok jong u paralok jong nga.
The student refused to obey his teacher.,U khynnah u saitlah ban ngeit iau nonghikai.
It took me by surprise.,Ka pynlyngngoh ianga.
I know this is hard for you to understand.,Nga tip ba ka jynjar iaphi ba phin sngewthuh.
Tom might go to Boston next fall.,U Tom u lah ban leit sha Boston ha kane ka synrai ban sa wan.
"January, February, March, April, May, June, July, August, September, October, November and December are the twelve months of the year.","Kyllalynkot, Rymphang, Lber, Iaiong, Jymmang, Jylliew, Naitung, Nailar, Nailur, Risaw, Naiwieng bad Nohprah kidei ki khat-ar tylli ki bnai jong u snem."
Where's the fitting room?,Hangno jaka kylliang jaiñ?
I'm sorry.,Map.
We've got something.,Ngi don kaei-re-kaei.
You can't escape from me.,Phin ym lah ban lait nanga.
Tom lives alone with his dog.,U Tom u sah marwei bad u ksew jong u.
I detest hypocrisy.,Nga isih ia ka jingarsap.
It is very cold today.,Ka khriat bha mynta ka sngi.
I know how busy you are.,Nga tip ba pha bunkam.
He runs.,U mareh.
Tom has already spent all the money that I gave him.,U Tom u lah da pynlut baroh ka pisa ba nga ai ia u.
Please get out of the kitchen.,Sngewbha mih na kamrashet.
I've been expecting something like this to happen for a long time.,Nga lah ap ia kum kane ba kan jia la slem.
I'm here to stay.,Nga don hangne ban sah.
Pack your bags.,Lum ki pla.
I don't want to know anything about that.,Ngam kwah tip eiei shaphang kata.
Aren't you going to give me a kiss?,Phin nym doh ianga?
Tom lay face down on the blanket.,U Tom u dem pyllup ha ka blanket.
Tom stepped on some broken glass.,U Tom u iuh ha ki iit ba lah pait.
I feel like going to Boston again.,Nga sngew kwah leit biang sha Boston.
Can I have a minute?,Long phin ap khyndiat?
She teased him.,Ka pynshrai ia u.
Nuclear weapons are a threat to the human race.,Ki tiarthma nuclear ki long ka jingma ia ka jaitbynriew.
I don't think I've ever seen Tom here before.,Ngam tharai re ba nga lah ïohi ia u Tom hangne mynno mynno.
Tom hasn't been swimming in a long time.,Lah slem u Tom um pat jngi.
Pick it up.,Khar.
I don't want to go to school.,Ngam kwah ban leit skul.
Leave now.,Mih mynta.
Come quickly.,Ale wut.
Study hard.,Minot tyngeh.
Not everything Tom said was true.,Ym baroh ba ong u Tom dei ba shisha.
Who runs the fastest of the three?,Mano ba stet tam naki lai ngut?
Tom was the one who cooked breakfast.,U dei u Tom uba shet ja step.
Pack your bags.,Song ki tiar.
Ghosts exist.,Ki rngai ki don.
Are you deaf?,Pha kyllut?
Tom still hasn't told me why he doesn't want to do that.,U Tom um pat iathuh ianga balei um kwah ban leh.
Stand aside.,Shuh.
Look behind you.,Peit shadien jong me.
That hurts.,Ka pang.
Wow!,Ani!
Is there a tennis court around here?,Don tennis court hangne?
I know this is hard for you to understand.,Nga tip ba ka jynjar iapha ba phan sngewthuh.
There's one more.,Don sa uwei.
You can't escape from me.,Phin nym lah ban lait nanga.
What is the name of this river?,Aiu ka kyrteng kane ka wah?
It's refreshing.,Ka pyngngad.
I don't believe anyone anymore.,Ngam ngeit shuh iano-iano.
Step into the light.,�eng ha ka jingshai.
You may do what you wish.,Phi lah ban leh katba phi mon.
How are you?,Kumno phi long?
Tom isn't going to do it again.,U Tom um leh shuh.
What did you like the most about your previous job?,Kaei kaba phi sngewtynnad tam shaphang ka kam ba hashwa jong phi?
Tom wasn't very motivated to do that.,U Tom um shem la ioh mynsiem ban leh ia kato.
See you tomorrow.,Sa iapeit lashai.
I'm sure you're very busy.,Nga thikna phi bunkam bha.
I'm so sleepy.,Nga sngew shoh samthiah bha.
I think I may know where to find Tom.,Nga tharai nga tip shaei ban wad i'u Tom.
Tom and I both want to go to Boston.,U Tom bad nga ngi kwan ban ia leit sha Boston.
I think I may know where to find Tom.,Nga tharai nga tip hangno ban wad i'u Tom
You could do that by phone.,Me lah ban leh na phone.
Get up.,Khie joit.
Why did you buy this horse?,Balei phi thied ia une u kulai?
I know Tom is a new student.,Nga tip ba u Tom u dei u khynnah pule ba thymmai.
Tom didn't tell anyone he wanted to do that.,U Tom u khlem iathuh iano iano ba u kwah ban leh ia kata.
What is your name?,Kyrteng aiu phi?
He can't stop him.,Um lah ban pynsangeh ia u.
It needs washing.,Ka donkam ban sait.
Who cares?,Mat dep shato.
Where would you like to go?,Shaei pha kwah ban leit?
How long did it take Tom to read this book?,Ka shim por katno ia u Tom ba un pule kane ka kot?
Would you mind calling Tom for me?,Long phin khot ia u Tom?
She looks very happy.,I i kmen bha.
Tom can speak French better than you.,U Tom u kham nang ban kren French ban ia phi.
"You agree with Tom, don't you?","Phi ia mynjur bad u Tom, dei?"
"If I were going to tell anybody, I'd tell you first.","Lada dei ba nga ïathuh ïano-ïano, ngan ïathuh shuwa ha phi."
"You really do ask a lot of questions, don't you?","Phi kylli bun jingkylli bha, hato kam dei?"
Keep reading.,�ai pule.
My car's in the garage.,Ka kali jong nga ka don ha sem kali.
It took Tom several hours to assemble a bunk bed that the instructions said would take less than an hour to assemble.,Ka shim i'u Tom katto-katne kynta ban pyndait ia ka jingthiah ba ki jingbatai ki ong ba kan shim shikynta duna ban pyndait.
Please try one.,Sngewbha pyrshang uwei.
Are you sure?,Lah thikna?
Leave it.,Iehnoh.
"Tom knows about this, doesn't he?","U Tom u tip shaphang kane, hato um tip re?"
Can I please use your restroom?,Long ngan pyndonkam ïa ka paiñkhana jong phi?
You should use a deodorant.,Phi dei ban pyndonkam deo.
Who's hungry?,Mano ba thngan?
I know that Tom is a Canadian citizen.,Nga tip ba u Tom u dei nong Canada.
How did you know what Tom needed to do?,Kumno me tip u Tom u donkam ban leh aiu?
It's too late to try that.,Ka lah dier ban leh iakata.
Tom didn't take the kids to school today.,U Tom u khlem ialam ia ki khynnah sha skul mynta ka sngi.
Look there.,Peit shatei.
Stay down!,Dem!
I know you have it with you.,Nga tip phi don maphi kato.
More research is needed.,Dang donkam shuh ban wad shaphang kane.
You're welcome.,Ym lei lei.
She cried.,Ka ïam.
Tom probably tried it.,U Tom u lah pyrshang tharai.
My dog is obedient.,U ksew jong nga u long uba ngeit sneng.
These are pens.,Kine ki dei ki khulom.
What happened?,Jia aiu?
I have nothing to tell you about it.,Ngam don eiei ban ïathuh ïa pha.
Listen carefully.,Sngap bha.
I remember that.,Nga kynmaw ia kato.
Watch the road.,Da peit ka surok.
I need to put the children to bed.,Nga hap ban pynïohthiah ia ki khun.
What languages do you know?,Kiei ki ktien ba phi nang?
Hurry up.,Kloi kloi.
I wish you'd quit throwing things at me.,Nga kwah ba phin sangeh pashat tiar ha nga.
How beautiful!,Jingbhabriew!
Will you go out tomorrow?,Phin mih lashai?
Tom has lots of friends in Australia.,U Tom u don bun ki paralok ha Australia.
Be still.,Shong khop.
Of course.,Haoid kein.
Why did you stop studying French?,Balei me sangeh pule French?
Tom put on his sunglasses.,U Tom u deng ka iitkhmat jongu.
Speak softly.,Kren jem.
I was hoping Tom would want to do that.,Nga dang kyrmen ba u Tom un kwah ban leh.
I just got up.,Nga dang shu khie.
I don't think Tom knows that I'm not single anymore.,Ngam tharai ba u Tom u tip ba ngam marwei shuh.
Be still.,�eng khop.
Why were you laughing?,Balei rkhie?
Answer me.,Jubab ianga.
Only Tom would know that.,Tang u Tom un tip.
How long did it take Tom to read this book?,Ka bam por katno ia u Tom ba un pule kane ka kot?
He was awfully skinny.,U lah shu raikhoh.
How many nights will you be staying?,Katno miet phin sah?
We need to do that while we still can.,Ngi hap ban leh katba ngi dang lah ban leh.
You can't escape from me.,Men ym lah ban phet nanga.
We agree.,Ngi mynjur.
Tom has already taught me how to do that.,U Tom u lah dep lypa ban hikai ianga ban leh kato.
Leave me.,Iehnoh ianga.
Tom has already decided he isn't going to try to fix that.,U Tom u lah kut jingmut lypa ba un ym pyrshang ban pynbha ia kato.
Stuff happens.,Shait long.
Tom locked himself in his room and closed all the windows.,U Tom u khangkut ialade ha kamra bad u khang lut ki jingkhangïit.
Is your school far away from your house?,ka skul jongphi ka jngai na ka iing jongphi?
I bought the least expensive pair of shoes in the store.,Nga thied ia ki juti kiba duna dor tam ha dukan.
Hello!,Ei!
The toilet is upstairs.,Ka painkhana ka don hajrong.
"Louder, please.","Kham eh, sngewbha."
Why didn't you ever tell me that?,Balei mem ju iathuh ianga shaphang kata?
They won't permit you to do that here.,Kin ym shah iaphi ba phin leh kumto hangne.
I got Tom to lend me some money.,Nga la ïoh pisa kylliang na i Tom.
Attack!,Ther!
Tom has found out Mary can't read.,U Tom u lap ba ka Mary kam nang pule.
Catch him.,Bat ia u.
I'll kick your butt!,Ngan kynjat jingshong jongphi.
My car is parked over there.,Nga park ia ka kali hangtei.
You could do that by phone.,Phi lah ban lah na phone.
What were you doing at that time?,Me leh aiu katto baje?
Back off.,Shadien.
When is your birthday?,Lano sngikha jongphi?
About how many days will you be in Boston?,Kumba katno sngi phan don ha Boston?
Hurry!,Pynstet!
"Tom tried to kiss Mary, but she leaned back.","U Tom u pyrshang ban doh iaka Mary, hynrei ka ran dien."
Stop meddling.,Wat pyndik.
I didn't give Tom anything.,Ngam shem ai eiei ia u Tom.
This is the place where the incident happened.,Kane ka dei kata ka jaka kaba kata ka jingjia ka la jia.
Have you washed your hands yet?,Phi lah sait ki kti?
Come quick!,Wan kloi!
Tom didn't want to go there alone.,U Tom um kwah ban leit shatai marwei.
Are you deaf?,Me kyllut?
Do you remember where Tom left his umbrella?,Phi kynmaw haei u Tom u buh ka shatri?
Shut up!,Wat balaiñ!
The policeman captured the man who was running.,U pulit u la ioh ken ia u briew uba mareh.
Do you know who Tom's mother is?,Phi tip i kmie u Tom dei mano?
Tom thinks that you can take care of yourself.,I Tom i pyrkhat ba phi lah ban sumar ia lade.
Please cover yourself.,Sngewbha tap ialade.
I'll get him to carry this box upstairs.,Ngan sa phah rah ha u ia kane ka synduk shajrong.
What else is there?,Sa kaei don hangto?
Wash your face.,Bta ka khmat.
Who's your favorite Disney character?,Iei i Disney character ba best tam maphi?
I denied that I was the one who wrote that letter.,Nga len ba nga dei uba thoh ia kato ka shithi.
Tom thinks that you can take care of yourself.,I Tom i pyrkhat ba phi lah ban sumar da lade ia lade.
What if Tom is still alive?,Kumno lada u Tom u dang im?
Why did you tear the cloth instead of cutting it with scissors?,Balei me tar iaka jaiñ haka jaka ban khap ia ka da ka khanshi?
What are those called?,Khot aiu ia kito?
They exchanged hellos.,Ki iakylliang jingaikhublei.
Get lost.,Shatai.
Wait.,Ap.
Tom and Mary want to go to Boston together.,U Tom bad Ka Mary ki ia kwah leit lang sha Boston.
Hi.,Ei.
Tom didn't do anything wrong.,U Tom u khlem leh bakla eiei.
Watch the road.,Da peit ka lynti.
Tom is yellow.,U Tom u long uba tiengeit.
God exists.,U Blei u don.
Did you have a good sleep?,Phi iohthiah bha?
I'm too busy to talk to you now.,Nga dang bunkam palat ban kren iaphi mynta.
Where do you live?,Haei phi sah?
Where did you see that?,Naei phi iohi ia kato?
I don't dare tell him such a thing.,Ngam nud iathuh ia u kata.
"Tom tried to restart the car, but couldn't.",U Tom u lah pyrshang ban sdang biang ia ka kali hynrei um leh.
You run.,Phi mareh.
I don't know.,Ngam tip.
I hope you get a chance to come to Australia.,Nga kyrmen ba phin ioh lad ban wan sha Australia.
Tom couldn't go to Boston with us because he didn't have enough money.,U Tom um shem lah ban leit sha Boston bad ngi namar ba um shem dap pisa.
You're not the only one who's hungry.,Mem dei tang mame ba thngan.
They're looking for Tom in Australia.,Ki ia wad ia u Tom sha Australia.
Stay.,Shong.
Bears can climb trees.,Ki dngiem ki lah ban kiew dieng.
How does that song go?,Ka long kumno kumto kato ka jingrwai?
What are we waiting for?,Ngi ap ia kaei?
It's hot today.,Ka shit mynta.
Sign here.,Soi hangne.
You're dishonest.,Phi thok.
This is the first time that Tom has ever complained about the food.,Kane ka dei ka sien kaba nyngkong ba u Tom u la thlia shaphang ka jingbam.
Jump.,Ryngkoh.
You seem to be waiting for someone.,Me i kumba me ap iano iano.
We'll fail.,Ngin sa ia rem.
Which is the newest one?,Uno uba thymmai tam?
Metal contracts when cooled.,Ka nar ka ran ynda lah pjah.
Hello.,Kumno.
Does anybody hear me?,Don ba iohsngew ianga?
"Louder, please.","Kham jam, sngewbha."
Do you know how to use chopsticks?,Phi nang ban pyndonkam ia ki chopsticks?
I did that the way Tom suggested.,Nga leh kumba bthah u Tom.
You're just not the person I thought you were.,Mem dei u briew uba nga mut ba me dei.
I'm going to drive you home.,Ngan leit on iaphi sha ïing.
Where do they do that?,Haei ki shait leh kata?
I have two cats.,Nga don artylli ki miaw.
The stars came out.,Ki khlur ki mih.
You're not the only one who's hungry.,Phim dei tang maphi ba thngan?
Cows give milk.,Ki masi ki ai dud.
Beats me.,Tip.
Calm down.,Jaijai.
My shoes are brown.,Ki juti nga ki brown.
Tom went on a picnic with Mary and her family.,U Tom u leit bamkhana lem bad ka Mary bad ku bahaïing jongka.
Tom knew he had hurt Mary.,U Tom u tip ba u la pynmong ia ka Mary.
I know we can take care of ourselves if we try.,Nga tip ngi lah ban sumar hi ialade lada ngi pyrshang.
I don't think Tom knows much about his neighbors.,Ngam tharai u Tom u bna bha shaphang ki paramarjan jong u.
I know.,Nga tip.
I don't like this paper. It's too shiny.,Ngam sngewtynnad iakane ka kot. Ka phyrnai palat.
Come home.,Wan sha ïing.
Sushi is delicious.,U sushi u bang.
We often eat fish raw in Japan.,Bunsien ha Japan ngi bam im ia ka dohkha.
The other day I ran out of gas in the middle of a busy Interstate.,Kato ka sngi nga lut umphniang ha pdeng kawei ka khap jylla.
Tom isn't sure that Mary knows she has to do that.,U Tom um thikna ba ka Mary ka tip ba ka hap leh ia kato.
"Tom is Mary's cousin, isn't he?","U Tom u dei u hymmen-arkmie jong ka Mary, dei?"
He showed us how to ride a horse.,U pyni iangi kumno ban ñiah kulai.
I don't believe they would do that.,Ngam ngeit ba kin ia leh kumta.
Tom knew he was supposed to do that yesterday.,U Tom u tip ba u dei ban leh ia kato mynnin.
What're you saying?,Phi ong aiu?
I doubt that Tom will ever learn how to speak French properly.,Nga artatien ba u Tom un nang ba un kren bha ia ka French lano lano ruh.
I didn't want to do it.,Nga khlem kwah ban leh.
The river overflowed.,Ka wah ka lah shlei.
Stay there.,Shong hangto.
This is difficult.,Ka eh kane.
I can't believe that you did all this without any help.,Ngam lah ban ngeit ba phi leh ia kane baroh khlem jingïarap.
Work slowly.,Trei suki.
I'm proud that my father is a good cook.,Nga sarong ba i pa jongnga i long i ongshet iba triem.
Tom is going to hurt you.,U Tom un pynmong ia pha.
I'll see you at home.,Ngan sa iakynduh ia pha ha ïng.
My guess is that Tom isn't going to want that.,Nga tharai u Tom un nym kwah ia kato.
My house is very cold.,Ka ïng jongnga ka khriat bha.
Tom's phone rang.,Ka phone u Tom ka pah.
I can't decide which route to take to Boston.,Ngam lah rai da kano ka lad ban leit sha Boston.
You look hurt.,Me i kumba me pang.
Don't worry.,Wat khuslai.
I don't think Tom would let you win.,Ngam tharai u Tom un ai lad ïaphi ban jop.
These pants don't fit me.,Kine ki patlun kim ñiam ianga.
Tom had to pay a fine because he parked in the wrong place.,U Tom u hap ban siew ka kuna namar ba u pynieng kali ha bymdei.
We know.,Ngi tip.
Tom asked me a lot of questions that I couldn't answer.,U Tom u kylli ianga bun ki jingkylli kiba ngam lah jubab.
You can't escape from me.,Phin ym lah ban phet nanga.
Why didn't you ever tell me that?,Balei pham ju iathuh ianga shaphang kata?
I want to fight.,Nga kwah ban iashoh.
Tom knew he was supposed to do that yesterday.,U Tom u tip ba u dei ban leh ia kata mynnin.
When's dinner?,Lano ka bammiet?
There were many of us who opposed that.,Ki don bun na ngi kiba pyrshah ia ka.
Tom wants everybody to like him.,U Tom u kwah ba baroh kin sngewtynnad ia u.
You didn't break it.,Phi khlem pynpait iaka.
I put my gloves on inside out by mistake.,Nga phong bakla da lyndet ia ki gloves.
Listen.,Sngap.
I could hardly stand.,Ngam lah tang ban ïeng ruh.
It didn't go well.,Ka khlem iaid bha.
Tom knew that Mary didn't need to do that.,U Tom u tip ba ka Mary ka khlem leh.
Please hurry.,Sngewbha pynstet.
Where are you?,Shano phi don?
What would you like me to call you?,Phi kwah ianga ba ngan khot kumno iaphi?
You can't escape from me.,Phin nym lah ban phet nanga.
Tennis is difficult. I never know which way the ball is going to fly.,Ka tennis ka jynjar. Ngam lah tip shaei ka ball kan her.
My name's Tom.,Nga kyrteng Tom.
Tom has already arrived in Australia.,U Tom u lah da poi ha Australia.
My battery is about to die.,Nga lah jan lut u battery.
Is it true you bit Tom?,Dei shisha me dait ia u Tom?
I thank you.,Nga khublei iaphi.
Do you know who Tom's mother is?,Phi tip mano ba dei kmie u Tom?
Keep it.,Buh.
Look behind you.,Peit hadien jong phi.
Where's the director?,Shaei u director?
The situation is worse than we believed.,Ka jinglong ka kham sniew ban ia kaba ngi ngeit.
Tom's own father killed him.,U kpa jong u Tom hi u pyniap ia u.
Tom didn't tell anyone that he wanted to do that.,U Tom u khlem iathuh iano iano ba u kwah ban leh ia kato.
I know this is hard for you to understand.,Nga tip ba ka jynjar iame ba men sngewthuh.
Please write that down for me.,Thoh lem seh.
Tom just saved my life.,U Tom u pynlait im ianga.
I'm just asking.,Nga shu kylli.
Tom and Mary are outside.,U Tom bad Ka Mary ki don shabar.
Please leave.,Sngewbha mih.
I got Tom to lend me some money.,Nga la ïoh pisa kylliang na u Tom.
Do you really not want me here?,Phim kwah shisha ba ngan don hangne?
Please try one.,Sngewbha pyrshang iwei.
Give me the keys.,Ai u shabi ianga.
Why do you need a comb if you're bald?,Balei phi donkam ïa ka snat haba phi syllen?
Are these your shoes?,Kine kidei ki juti jongme?
Where is the toilet?,Shano ka painkhana?
I'm going to Tom's office.,Ngan leit sha office u Tom.
You can go if you want to.,Pha lah ban ia leit lada pha ia kwah.
Stop filming.,Wat ring.
Prepare yourself.,Pynkhreh ialade.
Please don't tell us what to do.,Sngewbha wat ïathuh ïangi kaei ba dei ban leh.
How lovely!,Jingitynnad!
Why are you all shocked?,Balei phi ia lyngngoh?
Look behind you.,Peit hadien jong pha.
You might get fired if you do that the way Tom told you to.,Phi lah ban shah behkam lada phi leh kumba bthah u Tom iaphi.
Wash your hands.,Thet ki kti.
Will you guys please stop fighting?,Phin ia sngewbha sangeh iashoh.
Ask a teacher.,Kylli na nonghikai.
I wish you'd quit throwing things at me.,Nga kwah ba phin sangeh kawang tiar ha nga.
It took me by surprise.,Ka pynkyndit ia nga.
You're dishonest.,Pha thok.
Why were you laughing?,Balei phi ïa rkhie?
I just want to forget about it.,Nga kwah klet noh shaphang kato.
They're looking for Tom in Australia.,Ki ia wad ia u Tom ha Australia.
I thought that you weren't supposed to be helping Tom.,Nga mut ba phim dei ban iarap ia u Tom.
My mother used to read me stories when I was a young kid.,I mei jong nga i shait iathuh khana ianga mynba nga dang khynnah.
Ladies first.,Kynthei shwa.
Tom is the only guy I know from Boston.,Nga ithuh tang ia u Tom na Boston.
Tom isn't going to buy that car.,U Tom un ym thied ia kato ka kali.
You can tell me tomorrow.,Phi lah ban iathuh ia nga lashai.
I may have put the key somewhere in this room.,Nga buh ia u shabi haei re haei hangne ka kamra.
Pardon me?,Kaei?
Tom is the strongest.,U Tom u long u ba khlaiñ tam.
He wouldn't hurt a fly.,U dei u ba jemnud.
Come here.,Ale shane.
Pull yourself together!,Pyneh ialade!
There's one more.,Don sa iwei.
We've been to Australia many times.,Ngi lah poi sha Australia bunsien.
You didn't protect me.,Phi khlem iada ianga.
I hope you get a chance to come to Australia.,Donbok ba phin ioh lad ban wan sha Australia.
Hurry!,Dabaw!
You guys have too much time on your hands.,Phi sia phi ia pahuh por shibun.
Tom said I shouldn't tell Mary about the accident.,U Tom u ong ba ngam dei ban iathuh ia ka Mary shaphang ka jingjia.
Tom was the first one to volunteer to help us.,U Tom u dei u ba nyngkong ban iarap iangi.
I'm not usually picky about food.,Ngam jied bam.
A lot of people drowned when the ship sank.,Bun ngut ki briew ki la ngam jyllop por ba ngam ka jhat.
Read this first.,Iakane shuwa pule.
Tom said he knew Mary.,I Tom i ong ba i ithuh ia i Mary.
Goodbye!,Lah leit mo!
I didn't mean to stare.,Nga khlem mut ban peitseh.
I don't think you need to tell Tom why you went Australia.,Ngam tharai phi donkam ban iathuh ia u Tom balei phi leit sha Australia.
Sit tight.,Shong khop.
Tom can't do it alone.,U Tom um lah ban leh marwei.
Tom will be here with me.,U Tom un sa don hangne bad nga.
Why did you try to run away?,Balei phi pyrshang ban phet?
Please relax.,Sngewbha jaijai.
What was the first capital of Portugal?,Kaei kaba ju dei ka nongbah jong ka Portugal?
Tom was the first one to get here today.,U Tom u long uba nyngkong ban poi hangne mynta ka sngi.
Who?,Mano?
How soon will the next bus be here?,Lano kan poi ka bus hangne?
What do you want?,Kaei phi kwah?
Tom must've been very disappointed.,U Tom u lah dei ban sngewsih bha.
Eat everything.,Bam barohkhoit.
Cows eat grass.,Ki masi ki bam phlang.
A mother rabbit keeps her babies warm with her own body.,Ka kmie rabbit ka pynsyaid ia ki khunkhun lyngba ka jingsyaid ka met jong ka.
Tom cooked.,U Tom u shet.
I was hoping Tom would want to do that.,Nga dang pyrkhat ba u Tom un kwah ban leh.
These pants don't fit me.,Kane ka patlun kam ñiam ianga.
They were shocked.,Ki la kyndit.
I've been to Boston numerous times.,Nga lah leit sha Boston katto katne sien.
Hurry!,Kloi!
I'm very proud of our students.,Nga sngewsarong shibun ïa la ki jong ki khynnah.
Tom is the one who taught me how to play tennis.,U dei u Tom uba pynhikai ianga kumno ban lehkai Tennis.
Who are you?,Phi dei iei?
Where's the fitting room?,Haei jaka kylliang jaiñ?
I love this restaurant.,Nga sngewtynnad ia kane ka restaurant.
Goodbye!,Sa leit ho!
I'll see you at home.,Ngan sa iakynduh iame ha ïng.
Let me off here.,Sangeh hakhmat.
It's pretty.,Tynnad.
Tom is way too young to be doing this.,U Tom u dang rit palat ban leh iakane.
It's still breathing.,Ka dang ring mynsiem.
You're dishonest.,Me sla.
How did you get down here?,Kumno phi poi shane sha poh?
Tom thinks that you can take care of yourself.,U Tom u pyrkhat ba phi lah ban sumar ia lade.
How are we going to do that?,Kumno ngin leh iakata?
Try again.,Pyrshang biang.
"If possible, I'd like to read more about the issue.","Lada long, ngan sngewtynnad eh ban pule shuh shuh shaphang kane ka kam."
Why are you late?,Balei phi slem?
I need this.,Nga donkam ia kane.
You can't escape from me.,Phim lah ban phet nanga.
Shoot!,Siat!
The toilet is upstairs.,Ka painkhana ka don shalor.
I was jealous of you.,Nga bishni iaphi.
How do people like you get to be people like you?,Kumno sa don ki jaid briew kum maphi?
Where are you?,Hangno phi don?
He entered the bank disguised as a guard.,U rung ha bank da kaba riam kum u nongap.
I could never fool you.,Ngam lah thok ïapha.
Tom wasn't able to figure out how to get the box open.,U Tom u khlem lah kumno ban plie ia ka synduk.
You're the biggest.,Phi long uba heh tam.
You might get fired if you do that the way Tom told you to.,Pha lah ban shah behkam lada pha leh kumba bthah u Tom iapha.
I didn't take part in that.,Nga khlem shim bynta ha kato.
The captain was the last person to leave the sinking ship.,U Kapten udei uba khatduh ban mih na ka Jhat ba ngam.
Don't you want to stop Tom?,Phim kwah pynsangeh ia u Tom?
Speak clearly.,Kren bha.
Are these your shoes?,Ki juti jongme kine?
Everybody knows me.,Baroh ki ithuh ianga.
We will clarify what is true and what is false.,Ngin sa pynshai kaei kaba dei bad kaei kaba lait.
Who runs the fastest of the three?,Mano ba mareh stet tam na ki lai ngut?
I don't think we're ready to leave yet.,Ngam tharai ba ngi la long pynkhreh ban ia mih noh.
Who else do you miss?,Iano patde phi kynjah?
Where is the taxi stand?,Haei jaka ïeng taxi?
We're really touched.,Ka la ktah shisha ïangi.
I extended my holiday.,Nga lah pynjrong iaka shuti.
He is one of the greatest scientists in the world.,U dei uwei na ki scientist kiba khraw tam ha pyrthei.
I've brought you a gift.,Nga la wanrah jingaisngewbha ia phi.
Tom told Mary that he didn't know how to play the saxophone.,U Tom u iathuh ia ka Mary ba um nang ban put saxophone.
You have no idea what you're talking about.,Pham tip ia kaei kaba pha kren.
Tom did the work himself.,U Tom u leh hi ïa ka kam.
She left the company after 20 years.,Ka la mih na ka company hadien 20 snem.
Tom has no idea what he's doing.,U Tom um tip eiei u leh aiu.
I thought that you weren't supposed to be helping Tom.,Nga pyrkhat ba phim dei ban iarap ia u Tom.
Tom soon caught up with Mary.,Sa shiphang u Tom u lap ia ka Mary.
Please hurry.,Sngewbha kloi.
How nice!,Jingsngewtynnad!
You don't have to go to school tomorrow.,Phim donkam ban leit skul lashai.
I understand why you're angry.,Nga sngewthuh balei phi dom.
What were you doing at that time?,Phi leh aiu ha kato ka por?
The student refused to obey his teacher.,Ka khynnah ka saitlah ban ngeit ia u nonghikai.
He was drunk and forgot to shut the back door.,U lah buaid bad u klet ban khang ka jingkhang shadien.
Read this first.,Pule shuwa iakane.
Perfect!,Biang!
I don't remember if Tom lent me the book or if I borrowed it from the library.,Ngam kynmaw ba dei u Tom uba aikylliang ha nga ia ka kot ne dei ba nga shimkylliang na library.
What is the name of this river?,Kaei ka kyrteng jong kane ka wah?
I feel like going to Boston again.,Kwah leit biang sha Boston.
Can I make a phone call?,Long ngan call?
Tom is the only one who really knows what to do.,Dei tang u Tom uba tip aiu ban leh.
Thanks for everything.,Khublei na ka bynta baroh.
Have you already bought your ticket?,Phi lah thied lypa ka ticket jong phi?
It's not weird.,Kam kynsha re.
Eat everything.,Bam lut.
I'm not sure who has my suitcases.,Ngam thikna mano ba bat ka suitcase jong nga.
Things aren't going as well as I expected.,Ki kam ki jam kim da iaid bha re kumba nga mut.
How long do we have to wait here?,Haduh katno ngi hap ban ap hangne?
Hurry!,Kloi wut!
We must leave immediately.,Ngi dei ban mih noh mynta mynta.
A pair of earrings is a nice present for her.,Shijur ki sohshkor ki long ki jingai ba itynnad iaka.
I've spent most of my life here.,Nga lah pynlut bun ka jingim jongnga hangne.
I don't know what I want to do.,Ngam tip kaei kaba nga kwah ban leh.
I'm a Christian.,Nga dei ka kristan.
How did you get permission to do that?,Kumno phi ioh jingbit ban leh ia kata?
Look behind you.,Peit shadien jong pha.
You seem to be waiting for someone.,Pha i kumba pha ap iano iano.
I doubt that I could swim across this river.,Nga artatien ba ngan lah ban jngi sha shiliang kane ka wah.
The sky brightened.,Ka bneng ka shai.
Tom went missing last Monday.,U Tom u jah ha kane ka snginyngkong ba la leit.
Stand aside.,Wat wit.
We're still open.,Ngi dang ïa plie.
There's one more.,Don sa kawei.
Tom is the strongest.,U Tom u dei u ba khlaiñ tam.
My battery is about to die.,U battery jongnga u lah jan lut.
Who was taking care of Tom when this happened?,Mano ba sumar i'u Tom mynba kane ka jia.
They want Tom back.,Ki kwah biang ia u Tom.
I know how busy you are.,Nga tip katno me bunkam.
Turn left.,Phai sha kadiang.
What're you saying?,Phi kren aiu?
"Goodnight, Mother.","Mei, thiahsuk."
I won't be staying in Australia very long.,Ngam sah slem re ha Australia.
Tom said he was hoping he and Mary could eat together.,U Tom u ong ba u kyrmen ba ma u bad ka Mary kin ia bam lang.
Watch yourself.,Peit ialade.
Tom wants you.,U Tom u kwah iaphi.
There won't be a next time.,Yn ym don da kawei ka por.
I know that Tom would do that if he could.,Nga tip ba u Tom un leh ia kata lada u lah.
I just laughed because everyone else did.,Nga shu rkhie namar baroh ki ia rkhie.
It's really annoying.,Ka pynshrai bha.
Do you know how to use chopsticks?,Phi nang kumno ban pyndonkam ia ki chopsticks?
What are those?,Kiei kito?
You don't know Tom.,Phim ithuh ïa u Tom.
Why do you need a comb if you're bald?,Phi donkam leh aiu ïa ka snat haba phi syllen?
I used to go to Boston about three times a year.,Nga shait don ha Boston kumba lai sien shi snem.
This chair is ugly.,Kane ka shuki ka isih.
Tom and Mary are outside.,Tom bad Mary ki don shabar.
How many tickets do you need?,Katno tylli ticket phi donkam?
You should not do that kind of thing by yourself.,Mem dei ban leh kum kato da lade.
That's not how we do things here.,Ngim ju leh kumto shane.
Let go of the rope.,Pyllait ia u tyllai.
Tom didn't tell anyone he wanted to do that.,U Tom u khlem iathuh iano iano ba u kwah ban leh ia kato.
It's not weird.,Kam khyllah re.
Don't you want to sit with me?,Pham kwah shong bad nga?
Is it true you bit Tom?,Dei shisha pha dait ia u Tom?
I don't find this funny.,Ym samrkhie eiei.
Did Tom tell you where he was last night?,U iathuh u Tom ïaphi shaei u don mynnin ka miet?
Pass me the pen.,Ai sha nga u khulom.
What is the name of this river?,Kyrteng aiu kane ka wah?
Tom nodded.,U Tom u kohnguh.
I'm sure you're very busy.,Nga thikna me bunkam bha.
How do you know Tom is there?,Kumno phi tip u Tom u don hangto?
How long did it take Tom to read this book?,Katno ka shim por ia u Tom ba un pule ia kane ka kot?
Each of them has his own car.,Uwei-pa-uwei naki u don kali.
Tom wants answers.,U Tom u kwah jubab.
Goodbye!,Mo!
This is good.,Ka best kane.
Tom went without food for a whole week.,U Tom u leit khlem jingbam baroh shi taiew.
Most Japanese temples are made of wood.,Bun naki iingmane Japan la shna da ki dieng.
Look back!,Peit shadien!
We really like each other a lot.,Ngi ia sngewtynnad shibun iwei ia iwei.
I think Tom would be able to do that if he really wanted to.,Nga tharai ba u Tom un lah ban leh ia kata lada u kwah shisha ban leh.
The moon is shining.,U bnai u shai.
I'm not going to go back.,Ngan nym leit phai biang.
I work.,Nga trei.
Tom fell off his mother's lap.,U Tom u hap na lybong kmie jong u.
You should let Tom win.,Me hap ban ai lad ia u Tom ba un Jop.
"Can I see your ticket, please?",Sngewbha pyni ticket.
Tom was the first one to get here today.,U Tom u long uba nyngkong ban poi shane mynta ka sngi.
They cleared the pavement of snow.,Ki la pynkhuid ia u ior na ka lynti-iaid.
What did you like the most about your previous job?,Kaei kaba pha sngewtynnad tam shaphang ka kam ba hashwa jong pha?
I did that the way Tom suggested.,Nga leh kumba u phah u Tom.
You have no idea what you're talking about.,Phim tip ia kaei kaba phi kren.
You decide.,Ong phi.
You're the biggest.,Phi dei uba heh tam.
He asked me a question.,U kylli jingkylli ianga.
Nowadays no one believes in ghosts.,Mynta ki por ym don ba ngeit rngai.
I was just making sure.,Nga shu pynthikna.
You haven't even tried.,Phim pat pyrshang hi.
Don't ask me to help.,Nai kylli ianga ban iarap.
Keep trying.,�ai pyrshang.
He must have been ill.,U lah ban ioh pang.
You should not do that kind of thing by yourself.,Phim dei ban leh kum kato da lade.
It's all you can really do.,Ka dei baroh ba phi lah ban leh shisha.
I know that Tom doesn't know anyone who does that.,Nga tip ba u Tom um ithuh iano-iano ba leh ia kato.
What problems did they run into?,Ki lap jingeh aiu?
Why aren't they here?,Balei kim don hangne?
Sometimes my dog barks in the middle of the night.,Don ki por u ksew nga u wiar shiteng miet.
"Louder, please.","Kham jam, seh."
Do you think I'm making a mistake?,Me mut ba nga leh bakla?
Where would you like to go?,Shaei phi kwah ban leit?
Why do you need a comb if you're bald?,Balei phi donkam ïa ka snat haba phi lyndum?
Tom is the strongest.,U Tom u dei uba khlaiñ tam.
Really?,Shisha!
"One day, she told me that she wanted a pet cat.","Shisien ka sngi, ka iathuh ianga ba ka kwah miaw."
Ask Tom.,Kylli ia u Tom.
Tom lives here now.,U Tom u sah hangne mynta.
"Louder, please.","Kham eh, seh."
They quarreled.,Ki ia mai.
"Beef, please.",Ai dohmasi.
I'll see you at home.,Ngan sa iakynduh iaphi ha ïng.
Please sit.,Sngewbha shong.
That book is a new book.,Kane ka kitab kadei ka kitab thymmai.
I don't want anyone to see me with Tom.,Ngam kwah ban shah iohi ianga bad u Tom.
I'm sure you're very busy.,Nga thikna pha bunkam bha.
I want to go back to my friends.,Nga kwah ban leit biang sha la ki paralok.
I have dandruff.,Nga don thyllieh.
How did you know what Tom needed to do?,Kumno pha tip u Tom u hap ban leh ia kaei?
I could never fool you.,Ngam lah thok ïaphi.
Tom passed out again.,U Tom u la thlep sa shishien.
They live downstairs.,Ki sah shapoh.
Did you pack this bag yourself?,Phi song hi kane ka pla?
Give Tom everything he asks for.,Ai katba pan u Tom.
"If you go fishing tomorrow, I'll go, too.","Lada phi leit khwai lashai, nga ruh, ngan leit."
How old are you?,Phi lah don katno snem?
The toilet is upstairs.,Ka painkhana ka don shajrong.
Tom acknowledges that he was defeated.,U Tom u pdiang ba u lah shah pynrem.
Tom is yellow.,U Tom u long uba tiengpyut.
Did you buy me anything?,Phi thied eiei ianga?
Tom told Mary that he didn't love her.,U Tom u iathuh ia ka Mary ba um ieid ia ka.
Don't you want to sit with me?,Mem kwah shong bad nga?
Hurry!,Wut!
Can you hear me?,Iohsngew ianga?
I don't believe they would do that.,Ngam ngeit ba kin leh ia kata.
They quarreled.,Ki ia tim.
How cute!,Ka jingiskuin.
Pick the one you like best.,Jied ia iba phi sngewtynnad tam.
Don't pay any attention to what your father says.,Wat sngap ia kaei kaba i pa jong phi i ong.
Tom said that he wanted to sit next to me.,U Tom u ong u kwah shong syndah ianga.
A telephone is more useful than a necklace.,Ka telephone ka kham myntoi ban ia u kpieng.
Tom has lots of friends.,U Tom u don bun ki paralok.
Lie still.,Thiah khop.
What did you like the most about your previous job?,Kaei kaba me sngewtynnad tam shaphang ka kam ba hashwa jong me?
Smoke appeared.,Ka mih ka tdem.
"She's attractive, but she talks too much.","Ka bhabriew, tangba ka bun nia palat."
Did you happen to see her yesterday?,Phi poi iohi iaka mynnin?
You decide.,Rai phi.
That was really sweet.,Ka sngewieid bha.
There were many of us who opposed that.,Ki don bun na ngi kiba pyrshah ia kato.
You called?,Phi khot?
Sweet dreams!,Thiahsuk!
Tom died a miserable death.,U Tom u ïap ka jingïap ba sngewjynjar.
I don't know.,Tip.
Tom shooed away the flies.,U Tom u beh ia ki skaiñ.
Are you crazy?,Pha lah bieij ne?
Is this biodegradable?,Une dei ba pyut?
Tom lost his camera in Boston.,U Tom u lah pynjah ia ka kamera jong u ha Boston.
I just say what Tom tells me to say.,Nga shu ong ia kaei kaba u Tom u ong hanga ban ong.
Tom hasn't seen Mary in months.,U Tom u khlem iohi ia ka Mary da ki bnai.
Suit yourself.,Katba me mon.
My grandmother suffers from osteoporosis.,I meiieid jong nga i pang osteoporosis.
Tom handed the photo album to Mary.,U Tom u ai ia ka albom dur ha ka Mary.
Please come.,Wan seh.
"Pardon me, but that's my racket.","Sngewbha, tangba kato kadei ka racket jongnga."
Tom never saw Mary.,U Tom um ju iohi ia ka Mary.
I'm going to Australia the month after next.,Ngan leit sha Australia ha u bnai ban sa wan.
Jump.,Kynthih.
Follow me.,Bud ianga.
Pass me the pen.,Ai ha nga u khulom.
This belongs to me.,Kane ka dei ka jongnga.
You didn't break it.,Phim shym pynpait iaka.
I forgot.,Nga klet.
Please come again soon.,Sa wan biang seh.
We need to get this weighed.,Ngi donkam thew ia kane.
I'm really worried about what might happen.,Nga khuslai shisha shaphang kaei kaba lah ban jia.
Where are you?,Shaei phi don?
Tom and John pretended to be brothers.,U Tom bad u John ki ia ak kumba dei shipara.
Tom already knows you aren't going to do that.,U Tom u lah tip lypa ba phin ym leh.
Give Tom everything he asks for.,Ai ia u Tom katba u pan.
It's hot.,Ka khluit.
I'm pretty sure that Tom can do it.,Nga thikna ba u Tom u lah ban leh.
That's not how we do things here.,Ngim ju leh kumta shane.
How did you make them laugh?,Kumno phi pynrkhie ïaki?
Tom didn't tell anybody he wanted to do that.,U Tom u khlem iathuh iano iano ba u kwah ban leh ia kato.
Where would you like to go?,Shano pha kwah ban leit?
Kiss me.,Doh ianga.
How did you know what Tom needed to do?,Kumno phi tip u Tom u hap ban leh ia kaei?
I know how busy you are.,Nga tip katno pha bunkam.
Who cares?,Mat dep.
"Tom read the Bible in its entirety, from the beginning to the end.","U Tom u pule lut ia ka Bibl, naduh ba sdang shaduh ba kut."
Freeze!,Wat khih!
That's something I'll never understand.,Kata kadei kaei kaei kaba ngan ym sngewthuh.
Tom won the election.,U Tom u jop iaka election.
He is eight.,U lah don phra snem.
Don't ask me to help.,Wat kylli ianga ban iarap.
"If you want peace, prepare for war.","Lada phi kwah Jinsuk, pynkhreh iaka thma."
Which is the newest one?,Kano kaba thymmai tam?
Are these your shoes?,Ki juti jongphi kine?
Look at the picture.,Peit ha ka dur.
Tom has no idea what he's doing.,U Tom um tip eiei aiu u leh.
I can't believe we're all still here.,Ngam lah ngeit ngi dang ia don hangne.
You can't escape from me.,Mem lah ban lait nanga.
I used to go to Boston about three times a year.,Nga shait don ha Boston kumba lai sien ha ka shi snem.
Tom didn't come home until 2:30.,U Tom u khlem wan ïng haduh 2:30.
Tom lay face down on the blanket.,U Tom u dem pyllup ha ka kumbor.
Why would they need to do that?,Balei ki donkam ban leh ia kata?
We don't know much about what happened.,Ngim da tip thikna shaphang kaei ba jia.
It's hot.,Ka shit.
Shut up!,Balaiñ!
You don't know Tom.,Phim tip ïa u Tom.
Are you sure that it's OK to drink this water?,Me thikna ka biang ban dih ia kane ka um?
I'll take the jacket.,Ngan shim ka jacket.
Tom is being forced to do that.,U Tom u la shah pynbor ban leh kumto.
Wash the dishes.,Sait ki tiar.
I want another cup of coffee.,Nga kwah biang sa shi pela ka coffee.
Tom asked me a lot of questions that I couldn't answer.,U Tom u kylli ianga bun ki jingkylli ba haduh ngam lah jubab.
Don't you want to know?,Pham kwah ban tip?
Didn't you know that Tom was Canadian?,Mem tip ba i Tom i dei nong-Canada?
What is your name?,Kaei ka kyrteng jongphi?
What were you doing at that time?,Phi leh aiu katto baje?
I don't know how to prove I wasn't in Boston.,Ngam nang kumno ba ngan sakhi ba ngam don ha Boston.
Where is the toilet?,Hangno ka painkhana?
They're always there.,Ki ïa don beit shatai.
Tom didn't keep Mary waiting too long.,U Tom u khlem pynap slem ia ka Mary.
The store will be closed tomorrow.,Ka dukan ka khang lashai.
"It's your money, isn't it?","Dei ka pisa jongphi, dei?"
Cows give us milk.,Ki masi ki ai dud iangi.
I bought the least expensive pair of shoes in the store.,Nga thied ia ki juti kiba tat dor tam na dukan.
Sit tight.,Shong beit.
You should not do that kind of thing by yourself.,Pham dei ban leh kum kato da lade.
What are those called?,Khot kumno ia kito?
"Next time, don't drop it.","Ha kawei pat ka por, wat pynhap iaka."
When was that?,Mynno kata?
"Dogs have masters, cats have servants.","Ki ksew ki don kynrad, ki miaw ki don shakri."
Wash your face.,Sait ka khmat.
Where else would I go?,Shaei de ngan leit?
No kidding?,Oh kumta?
Tom lowered his voice to a whisper.,I Tom i pynrit ia ka sur ban pasiaw.
Why doesn't he eat lunch with me anymore?,Balei um ju bamjasngi shuh bad nga?
Run!,Mareh!
Are you sure that it's OK to drink this water?,Phi thikna ka biang ban dih ia kane ka um?
I don't understand.,Ngam sngewthuh.
I saw Tom running down the street.,Nga iohi ia ia u Tom ba u mareh shathie.
Are you crazy?,Phi lah bieij ne?
How much is admission?,Katno bai rung?
It's too hot.,Ka khluit palat.
Tell me where the wine is.,Iathuh ianga haei ka waiñ ka don.
I can't put up with Tom's bad manners any longer.,Ngam lah shah shuh iaka jingkhkemakor u Tom.